source_mat_id_orig,source_mat_id,seq_batch,sea_surf_temp,sea_surf_temp_method,ph,ph_method,sediment_temp,sediment_temp_method,redox_potential,redox_potential_method,alkalinity,alkalinity_method,ammonium,ammonium_method,bac_prod,bac_prod_method,biomass,biomass_method,chem_administration,chlorophyll,chlorophyll_method,diss_carb_dioxide,diss_carb_dioxide_method,diss_inorg_carb,diss_inorg_carb_method,diss_org_carb,diss_org_carb_method,diss_org_nitro,diss_org_nitro_method,diss_oxygen,diss_oxygen_method,magnesium,magnesium_method,methane,methane_method,n_alkanes,n_alkanes_method,nitrate,nitrate_method,nitrite,nitrite_method,organism_count,organism_count_method,oxy_stat_samp,part_org_carb,part_org_carb_method,part_org_nitro,part_org_nitro_method,particle_class,petroleum_hydrocarb,petroleum_hydrocarb_method,phaeopigments,phaeopigments_method,phosphate,phosphate_method,pigments,pigments_method,porosity,pressure,pressure_method,sea_surf_salinity,sea_surf_salinity_method,silicate,silicate_method,sulfate,sulfate_method,sulfide,sulfide_method,water_current,water_current_method
EMO BON OOB So 210608 micro (1),EMOBON_OOB_So_1,batch_1,18.75,Seabird SBE 911plus CTD,7.962,Consort multimeter C3016,18.66,Consort temperature compensator (ST10) PT1000,NA,Consort ORP electrode (SO57),,,,,,,,,,,,,,,,,,,,,,,,,,,,,,,,,,,,,,,,,,,,,,,,,,,37.85,Seabird SBE 911plus CTD,,,,,,,,
EMO BON OOB So 210608 micro (2),EMOBON_OOB_So_2,batch_1,18.75,Seabird SBE 911plus CTD,7.962,Consort multimeter C3016,18.66,Consort temperature compensator (ST10) PT1000,NA,Consort ORP electrode (SO57),,,,,,,,,,,,,,,,,,,,,,,,,,,,,,,,,,,,,,,,,,,,,,,,,,,37.85,Seabird SBE 911plus CTD,,,,,,,,
EMO BON OOB So 210608 micro (3),EMOBON_OOB_So_3,,18.75,Seabird SBE 911plus CTD,7.962,Consort multimeter C3016,18.66,Consort temperature compensator (ST10) PT1000,NA,Consort ORP electrode (SO57),,,,,,,,,,,,,,,,,,,,,,,,,,,,,,,,,,,,,,,,,,,,,,,,,,,37.85,Seabird SBE 911plus CTD,,,,,,,,
EMO BON OOB So 210608 micro (4),EMOBON_OOB_So_4,,18.75,Seabird SBE 911plus CTD,7.962,Consort multimeter C3016,18.66,Consort temperature compensator (ST10) PT1000,NA,Consort ORP electrode (SO57),,,,,,,,,,,,,,,,,,,,,,,,,,,,,,,,,,,,,,,,,,,,,,,,,,,37.85,Seabird SBE 911plus CTD,,,,,,,,
EMO BON OOB So 210608 meio (1),EMOBON_OOB_So_5,,18.75,Seabird SBE 911plus CTD,7.962,Consort multimeter C3016,18.66,Consort temperature compensator (ST10) PT1000,NA,Consort ORP electrode (SO57),,,,,,,,,,,,,,,,,,,,,,,,,,,,,,,,,,,,,,,,,,,,,,,,,,,37.85,Seabird SBE 911plus CTD,,,,,,,,
EMO BON OOB So 210608 meio (2),EMOBON_OOB_So_6,,18.75,Seabird SBE 911plus CTD,7.962,Consort multimeter C3016,18.66,Consort temperature compensator (ST10) PT1000,NA,Consort ORP electrode (SO57),,,,,,,,,,,,,,,,,,,,,,,,,,,,,,,,,,,,,,,,,,,,,,,,,,,37.85,Seabird SBE 911plus CTD,,,,,,,,
EMO BON OOB So 210608 meio (3),EMOBON_OOB_So_7,,18.75,Seabird SBE 911plus CTD,7.962,Consort multimeter C3016,18.66,Consort temperature compensator (ST10) PT1000,NA,Consort ORP electrode (SO57),,,,,,,,,,,,,,,,,,,,,,,,,,,,,,,,,,,,,,,,,,,,,,,,,,,37.85,Seabird SBE 911plus CTD,,,,,,,,
EMO BON OOB So 210608 meio (4),EMOBON_OOB_So_8,,18.75,Seabird SBE 911plus CTD,7.962,Consort multimeter C3016,18.66,Consort temperature compensator (ST10) PT1000,NA,Consort ORP electrode (SO57),,,,,,,,,,,,,,,,,,,,,,,,,,,,,,,,,,,,,,,,,,,,,,,,,,,37.85,Seabird SBE 911plus CTD,,,,,,,,
EMO BON OOB So 210818 micro (1),EMOBON_OOB_So_9,batch_1,21.81,Seabird SBE 911plus CTD,8,Consort multimeter C3016,21.68,Consort temperature compensator (ST10) PT1000,NA,Consort ORP electrode (SO57),,,,,,,,,,,,,,,,,,,,,,,,,,,,,,,,,,,,,,,,,,,,,,,,,,,35.69,Seabird SBE 911plus CTD,,,,,,,,
EMO BON OOB So 210818 micro (2),EMOBON_OOB_So_10,batch_1,21.81,Seabird SBE 911plus CTD,8,Consort multimeter C3016,21.68,Consort temperature compensator (ST10) PT1000,NA,Consort ORP electrode (SO57),,,,,,,,,,,,,,,,,,,,,,,,,,,,,,,,,,,,,,,,,,,,,,,,,,,35.69,Seabird SBE 911plus CTD,,,,,,,,
EMO BON OOB So 210818 micro (3),EMOBON_OOB_So_11,,21.81,Seabird SBE 911plus CTD,8,Consort multimeter C3016,21.68,Consort temperature compensator (ST10) PT1000,NA,Consort ORP electrode (SO57),,,,,,,,,,,,,,,,,,,,,,,,,,,,,,,,,,,,,,,,,,,,,,,,,,,35.69,Seabird SBE 911plus CTD,,,,,,,,
EMO BON OOB So 210818 micro (4),EMOBON_OOB_So_12,,21.81,Seabird SBE 911plus CTD,8,Consort multimeter C3016,21.68,Consort temperature compensator (ST10) PT1000,NA,Consort ORP electrode (SO57),,,,,,,,,,,,,,,,,,,,,,,,,,,,,,,,,,,,,,,,,,,,,,,,,,,35.69,Seabird SBE 911plus CTD,,,,,,,,
EMO BON OOB So 211012 micro (1),EMOBON_OOB_So_13,batch_2,19.39,Seabird SBE 911plus CTD,7.988,Consort multimeter C3016,19.4,Consort temperature compensator (ST10) PT1000,NA,Consort ORP electrode (SO57),,,,,,,,,,,,,,,,,,,,,,,,,,,,,,,,,,,,,,,,,,,,,,,,,,,38.15,Seabird SBE 911plus CTD,,,,,,,,
EMO BON OOB So 211012 micro (2),EMOBON_OOB_So_14,batch_2,19.39,Seabird SBE 911plus CTD,7.988,Consort multimeter C3016,19.4,Consort temperature compensator (ST10) PT1000,NA,Consort ORP electrode (SO57),,,,,,,,,,,,,,,,,,,,,,,,,,,,,,,,,,,,,,,,,,,,,,,,,,,38.15,Seabird SBE 911plus CTD,,,,,,,,
EMO BON OOB So 211012 micro (3),EMOBON_OOB_So_15,,19.39,Seabird SBE 911plus CTD,7.988,Consort multimeter C3016,19.4,Consort temperature compensator (ST10) PT1000,NA,Consort ORP electrode (SO57),,,,,,,,,,,,,,,,,,,,,,,,,,,,,,,,,,,,,,,,,,,,,,,,,,,38.15,Seabird SBE 911plus CTD,,,,,,,,
EMO BON OOB So 211012 micro (4),EMOBON_OOB_So_16,,19.39,Seabird SBE 911plus CTD,7.988,Consort multimeter C3016,19.4,Consort temperature compensator (ST10) PT1000,NA,Consort ORP electrode (SO57),,,,,,,,,,,,,,,,,,,,,,,,,,,,,,,,,,,,,,,,,,,,,,,,,,,38.15,Seabird SBE 911plus CTD,,,,,,,,
EMO BON OOB So 211012 meio (1),EMOBON_OOB_So_17,,19.39,Seabird SBE 911plus CTD,7.988,Consort multimeter C3016,19.4,Consort temperature compensator (ST10) PT1000,NA,Consort ORP electrode (SO57),,,,,,,,,,,,,,,,,,,,,,,,,,,,,,,,,,,,,,,,,,,,,,,,,,,38.15,Seabird SBE 911plus CTD,,,,,,,,
EMO BON OOB So 211012 meio (2),EMOBON_OOB_So_18,,19.39,Seabird SBE 911plus CTD,7.988,Consort multimeter C3016,19.4,Consort temperature compensator (ST10) PT1000,NA,Consort ORP electrode (SO57),,,,,,,,,,,,,,,,,,,,,,,,,,,,,,,,,,,,,,,,,,,,,,,,,,,38.15,Seabird SBE 911plus CTD,,,,,,,,
EMO BON OOB So 211012 meio (3),EMOBON_OOB_So_19,,19.39,Seabird SBE 911plus CTD,7.988,Consort multimeter C3016,19.4,Consort temperature compensator (ST10) PT1000,NA,Consort ORP electrode (SO57),,,,,,,,,,,,,,,,,,,,,,,,,,,,,,,,,,,,,,,,,,,,,,,,,,,38.15,Seabird SBE 911plus CTD,,,,,,,,
EMO BON OOB So 211012 meio (4),EMOBON_OOB_So_20,,19.39,Seabird SBE 911plus CTD,7.988,Consort multimeter C3016,19.4,Consort temperature compensator (ST10) PT1000,NA,Consort ORP electrode (SO57),,,,,,,,,,,,,,,,,,,,,,,,,,,,,,,,,,,,,,,,,,,,,,,,,,,38.15,Seabird SBE 911plus CTD,,,,,,,,
EMO BON OOB SO 211015 macro (1),EMOBON_OOB_So_21,,19.39,Seabird SBE 911plus CTD,7.988,Consort multimeter C3016,19.4,Consort temperature compensator (ST10) PT1000,NA,Consort ORP electrode (SO57),,,,,,,,,,,,,,,,,,,,,,,,,,,,,,,,,,,,,,,,,,,,,,,,,,,38.15,Seabird SBE 911plus CTD,,,,,,,,
EMO BON OOB SO 211015 macro (2),EMOBON_OOB_So_22,,19.39,Seabird SBE 911plus CTD,7.988,Consort multimeter C3016,19.4,Consort temperature compensator (ST10) PT1000,NA,Consort ORP electrode (SO57),,,,,,,,,,,,,,,,,,,,,,,,,,,,,,,,,,,,,,,,,,,,,,,,,,,38.15,Seabird SBE 911plus CTD,,,,,,,,
EMO BON OOB SO 211015 macro (3),EMOBON_OOB_So_23,,19.39,Seabird SBE 911plus CTD,7.988,Consort multimeter C3016,19.4,Consort temperature compensator (ST10) PT1000,NA,Consort ORP electrode (SO57),,,,,,,,,,,,,,,,,,,,,,,,,,,,,,,,,,,,,,,,,,,,,,,,,,,38.15,Seabird SBE 911plus CTD,,,,,,,,
EMO BON OOB SO 211015 macro (4),EMOBON_OOB_So_24,,19.39,Seabird SBE 911plus CTD,7.988,Consort multimeter C3016,19.4,Consort temperature compensator (ST10) PT1000,NA,Consort ORP electrode (SO57),,,,,,,,,,,,,,,,,,,,,,,,,,,,,,,,,,,,,,,,,,,,,,,,,,,38.15,Seabird SBE 911plus CTD,,,,,,,,
EMO BON OOB So 211209 micro (1),EMOBON_OOB_So_25,batch_2,14.56,Seabird SBE 911plus CTD,8.3,Consort multimeter C3016,14.39,Consort temperature compensator (ST10) PT1000,NA,Consort ORP electrode (SO57),,,,,,,,,,,,,,,,,,,,,,,,,,,,,,,,,,,,,,,,,,,,,,,,,,,37.66,Seabird SBE 911plus CTD,,,,,,,,
EMO BON OOB So 211209 micro (2),EMOBON_OOB_So_26,batch_2,14.56,Seabird SBE 911plus CTD,8.3,Consort multimeter C3016,14.39,Consort temperature compensator (ST10) PT1000,NA,Consort ORP electrode (SO57),,,,,,,,,,,,,,,,,,,,,,,,,,,,,,,,,,,,,,,,,,,,,,,,,,,37.66,Seabird SBE 911plus CTD,,,,,,,,
EMO BON OOB So 211209 micro (3),EMOBON_OOB_So_27,,14.56,Seabird SBE 911plus CTD,8.3,Consort multimeter C3016,14.39,Consort temperature compensator (ST10) PT1000,NA,Consort ORP electrode (SO57),,,,,,,,,,,,,,,,,,,,,,,,,,,,,,,,,,,,,,,,,,,,,,,,,,,37.66,Seabird SBE 911plus CTD,,,,,,,,
EMO BON OOB So 211209 micro (4),EMOBON_OOB_So_28,,14.56,Seabird SBE 911plus CTD,8.3,Consort multimeter C3016,14.39,Consort temperature compensator (ST10) PT1000,NA,Consort ORP electrode (SO57),,,,,,,,,,,,,,,,,,,,,,,,,,,,,,,,,,,,,,,,,,,,,,,,,,,37.66,Seabird SBE 911plus CTD,,,,,,,,
EMO BON OOB So 220221 micro (1),EMOBON_OOB_So_29,,11.92,Seabird SBE 911plus CTD,8.2,Consort multimeter C3016,11.73,Consort temperature compensator (ST10) PT1000,244,Consort ORP electrode (SO57),,,,,,,,,,,,,,,,,,,,,,,,,,,,,,,,,,,,,,,,,,,,,,,,,,,36.12,Seabird SBE 911plus CTD,,,,,,,,
EMO BON OOB So 220221 micro (2),EMOBON_OOB_So_30,,11.92,Seabird SBE 911plus CTD,8.2,Consort multimeter C3016,11.73,Consort temperature compensator (ST10) PT1000,244,Consort ORP electrode (SO57),,,,,,,,,,,,,,,,,,,,,,,,,,,,,,,,,,,,,,,,,,,,,,,,,,,36.12,Seabird SBE 911plus CTD,,,,,,,,
EMO BON OOB So 220221 micro (3),EMOBON_OOB_So_31,,11.92,Seabird SBE 911plus CTD,8.2,Consort multimeter C3016,11.73,Consort temperature compensator (ST10) PT1000,244,Consort ORP electrode (SO57),,,,,,,,,,,,,,,,,,,,,,,,,,,,,,,,,,,,,,,,,,,,,,,,,,,36.12,Seabird SBE 911plus CTD,,,,,,,,
EMO BON OOB So 220221 micro (4),EMOBON_OOB_So_32,,11.92,Seabird SBE 911plus CTD,8.2,Consort multimeter C3016,11.73,Consort temperature compensator (ST10) PT1000,244,Consort ORP electrode (SO57),,,,,,,,,,,,,,,,,,,,,,,,,,,,,,,,,,,,,,,,,,,,,,,,,,,36.12,Seabird SBE 911plus CTD,,,,,,,,
EMO BON OOB So 220221 micro (blank),EMOBON_OOB_So_33,,NA,NA,NA,NA,NA,NA,NA,Consort ORP electrode (SO57),,,,,,,,,,,,,,,,,,,,,,,,,,,,,,,,,,,,,,,,,,,,,,,,,,,,Seabird SBE 911plus CTD,,,,,,,,
EMO BON OOB So 220425 micro (1),EMOBON_OOB_So_34,,13.85,Seabird SBE 911plus CTD,8.1,Consort multimeter C3016,13.62,Consort temperature compensator (ST10) PT1000,280,Consort ORP electrode (SO57),,,,,,,,,,,,,,,,,,,,,,,,,,,,,,,,,,,,,,,,,,,,,,,,,,,37.77,Seabird SBE 911plus CTD,,,,,,,,
EMO BON OOB So 220425 micro (2),EMOBON_OOB_So_35,,13.85,Seabird SBE 911plus CTD,8.1,Consort multimeter C3016,13.62,Consort temperature compensator (ST10) PT1000,280,Consort ORP electrode (SO57),,,,,,,,,,,,,,,,,,,,,,,,,,,,,,,,,,,,,,,,,,,,,,,,,,,37.77,Seabird SBE 911plus CTD,,,,,,,,
EMO BON OOB So 220425 micro (3),EMOBON_OOB_So_36,,13.85,Seabird SBE 911plus CTD,8.1,Consort multimeter C3016,13.62,Consort temperature compensator (ST10) PT1000,280,Consort ORP electrode (SO57),,,,,,,,,,,,,,,,,,,,,,,,,,,,,,,,,,,,,,,,,,,,,,,,,,,37.77,Seabird SBE 911plus CTD,,,,,,,,
EMO BON OOB So 220425 micro (4),EMOBON_OOB_So_37,,13.85,Seabird SBE 911plus CTD,8.1,Consort multimeter C3016,13.62,Consort temperature compensator (ST10) PT1000,280,Consort ORP electrode (SO57),,,,,,,,,,,,,,,,,,,,,,,,,,,,,,,,,,,,,,,,,,,,,,,,,,,37.77,Seabird SBE 911plus CTD,,,,,,,,
EMO BON OOB So 220425 micro (blank),EMOBON_OOB_So_38,,NA,NA,NA,NA,NA,NA,NA,Consort ORP electrode (SO57),,,,,,,,,,,,,,,,,,,,,,,,,,,,,,,,,,,,,,,,,,,,,,,,,,,37.77,Seabird SBE 911plus CTD,,,,,,,,
EMO BON OOB So 220425 meio (1),EMOBON_OOB_So_39,,13.85,Seabird SBE 911plus CTD,8.1,Consort multimeter C3016,13.62,Consort temperature compensator (ST10) PT1000,280,Consort ORP electrode (SO57),,,,,,,,,,,,,,,,,,,,,,,,,,,,,,,,,,,,,,,,,,,,,,,,,,,37.77,Seabird SBE 911plus CTD,,,,,,,,
EMO BON OOB So 220425 meio (2),EMOBON_OOB_So_40,,13.85,Seabird SBE 911plus CTD,8.1,Consort multimeter C3016,13.62,Consort temperature compensator (ST10) PT1000,280,Consort ORP electrode (SO57),,,,,,,,,,,,,,,,,,,,,,,,,,,,,,,,,,,,,,,,,,,,,,,,,,,37.77,Seabird SBE 911plus CTD,,,,,,,,
EMO BON OOB So 220425 meio (3),EMOBON_OOB_So_41,,13.85,Seabird SBE 911plus CTD,8.1,Consort multimeter C3016,13.62,Consort temperature compensator (ST10) PT1000,280,Consort ORP electrode (SO57),,,,,,,,,,,,,,,,,,,,,,,,,,,,,,,,,,,,,,,,,,,,,,,,,,,37.77,Seabird SBE 911plus CTD,,,,,,,,
EMO BON OOB So 220425 meio (4),EMOBON_OOB_So_42,,13.85,Seabird SBE 911plus CTD,8.1,Consort multimeter C3016,13.62,Consort temperature compensator (ST10) PT1000,280,Consort ORP electrode (SO57),,,,,,,,,,,,,,,,,,,,,,,,,,,,,,,,,,,,,,,,,,,,,,,,,,,37.77,Seabird SBE 911plus CTD,,,,,,,,
EMO BON OOB SO 220429 macro (1),EMOBON_OOB_So_43,,13.85,Seabird SBE 911plus CTD,8.1,Consort multimeter C3016,13.62,Consort temperature compensator (ST10) PT1000,280,Consort ORP electrode (SO57),,,,,,,,,,,,,,,,,,,,,,,,,,,,,,,,,,,,,,,,,,,,,,,,,,,37.7700000000001,Seabird SBE 911plus CTD,,,,,,,,
EMO BON OOB SO 220429 macro (2),EMOBON_OOB_So_44,,13.85,Seabird SBE 911plus CTD,8.1,Consort multimeter C3016,13.62,Consort temperature compensator (ST10) PT1000,280,Consort ORP electrode (SO57),,,,,,,,,,,,,,,,,,,,,,,,,,,,,,,,,,,,,,,,,,,,,,,,,,,37.7700000000001,Seabird SBE 911plus CTD,,,,,,,,
EMO BON OOB SO 220429 macro (3),EMOBON_OOB_So_45,,13.85,Seabird SBE 911plus CTD,8.1,Consort multimeter C3016,13.62,Consort temperature compensator (ST10) PT1000,280,Consort ORP electrode (SO57),,,,,,,,,,,,,,,,,,,,,,,,,,,,,,,,,,,,,,,,,,,,,,,,,,,37.7700000000001,Seabird SBE 911plus CTD,,,,,,,,
EMO BON OOB SO 220429 macro (4),EMOBON_OOB_So_46,,13.85,Seabird SBE 911plus CTD,8.1,Consort multimeter C3016,13.62,Consort temperature compensator (ST10) PT1000,280,Consort ORP electrode (SO57),,,,,,,,,,,,,,,,,,,,,,,,,,,,,,,,,,,,,,,,,,,,,,,,,,,37.7700000000001,Seabird SBE 911plus CTD,,,,,,,,
EMO BON OOB So 220628 micro (1),EMOBON_OOB_So_47,,22.82,Seabird SBE 911plus CTD,8.1,Consort multimeter C3016,21,Consort temperature compensator (ST10) PT1000,237,Consort ORP electrode (SO57),,,,,,,,,,,,,,,,,,,,,,,,,,,,,,,,,,,,,,,,,,,,,,,,,,,37.6,Seabird SBE 911plus CTD,,,,,,,,
EMO BON OOB So 220628 micro (2),EMOBON_OOB_So_48,,22.82,Seabird SBE 911plus CTD,8.1,Consort multimeter C3016,21,Consort temperature compensator (ST10) PT1000,237,Consort ORP electrode (SO57),,,,,,,,,,,,,,,,,,,,,,,,,,,,,,,,,,,,,,,,,,,,,,,,,,,37.6,Seabird SBE 911plus CTD,,,,,,,,
EMO BON OOB So 220628 micro (3),EMOBON_OOB_So_49,,22.82,Seabird SBE 911plus CTD,8.1,Consort multimeter C3016,21,Consort temperature compensator (ST10) PT1000,237,Consort ORP electrode (SO57),,,,,,,,,,,,,,,,,,,,,,,,,,,,,,,,,,,,,,,,,,,,,,,,,,,37.6,Seabird SBE 911plus CTD,,,,,,,,
EMO BON OOB So 220628 micro (4),EMOBON_OOB_So_50,,22.82,Seabird SBE 911plus CTD,8.1,Consort multimeter C3016,21,Consort temperature compensator (ST10) PT1000,237,Consort ORP electrode (SO57),,,,,,,,,,,,,,,,,,,,,,,,,,,,,,,,,,,,,,,,,,,,,,,,,,,37.6,Seabird SBE 911plus CTD,,,,,,,,
EMO BON OOB So 220628 micro (blank),EMOBON_OOB_So_51,,NA,NA,NA,NA,NA,NA,NA,Consort ORP electrode (SO57),,,,,,,,,,,,,,,,,,,,,,,,,,,,,,,,,,,,,,,,,,,,,,,,,,,,Seabird SBE 911plus CTD,,,,,,,,
EMO BON OOB So 220628 meio (1),EMOBON_OOB_So_52,,22.82,Seabird SBE 911plus CTD,8.1,Consort multimeter C3016,21,Consort temperature compensator (ST10) PT1000,237,Consort ORP electrode (SO57),,,,,,,,,,,,,,,,,,,,,,,,,,,,,,,,,,,,,,,,,,,,,,,,,,,37.6,Seabird SBE 911plus CTD,,,,,,,,
EMO BON OOB So 220628 meio (2),EMOBON_OOB_So_53,,22.82,Seabird SBE 911plus CTD,8.1,Consort multimeter C3016,21,Consort temperature compensator (ST10) PT1000,237,Consort ORP electrode (SO57),,,,,,,,,,,,,,,,,,,,,,,,,,,,,,,,,,,,,,,,,,,,,,,,,,,37.6,Seabird SBE 911plus CTD,,,,,,,,
EMO BON OOB So 220628 meio (3),EMOBON_OOB_So_54,,22.82,Seabird SBE 911plus CTD,8.1,Consort multimeter C3016,21,Consort temperature compensator (ST10) PT1000,237,Consort ORP electrode (SO57),,,,,,,,,,,,,,,,,,,,,,,,,,,,,,,,,,,,,,,,,,,,,,,,,,,37.6,Seabird SBE 911plus CTD,,,,,,,,
EMO BON OOB So 220628 meio (4),EMOBON_OOB_So_55,,22.82,Seabird SBE 911plus CTD,8.1,Consort multimeter C3016,21,Consort temperature compensator (ST10) PT1000,237,Consort ORP electrode (SO57),,,,,,,,,,,,,,,,,,,,,,,,,,,,,,,,,,,,,,,,,,,,,,,,,,,37.6,Seabird SBE 911plus CTD,,,,,,,,
EMO BON OOB So 220823 micro (1),EMOBON_OOB_So_56,,23.96,Seabird SBE 911plus CTD,8,Consort multimeter C3016,20,Consort temperature compensator (ST10) PT1000,240,Consort ORP electrode (SO57),,,,,,,,,,,,,,,,,,,,,,,,,,,,,,,,,,,,,,,,,,,,,,,,,,,37.94,Seabird SBE 911plus CTD,,,,,,,,
EMO BON OOB So 220823 micro (2),EMOBON_OOB_So_57,,23.96,Seabird SBE 911plus CTD,8,Consort multimeter C3016,20,Consort temperature compensator (ST10) PT1000,240,Consort ORP electrode (SO57),,,,,,,,,,,,,,,,,,,,,,,,,,,,,,,,,,,,,,,,,,,,,,,,,,,37.94,Seabird SBE 911plus CTD,,,,,,,,
EMO BON OOB So 220823 micro (3),EMOBON_OOB_So_58,,23.96,Seabird SBE 911plus CTD,8,Consort multimeter C3016,20,Consort temperature compensator (ST10) PT1000,240,Consort ORP electrode (SO57),,,,,,,,,,,,,,,,,,,,,,,,,,,,,,,,,,,,,,,,,,,,,,,,,,,37.94,Seabird SBE 911plus CTD,,,,,,,,
EMO BON OOB So 220823 micro (4),EMOBON_OOB_So_59,,23.96,Seabird SBE 911plus CTD,8,Consort multimeter C3016,20,Consort temperature compensator (ST10) PT1000,240,Consort ORP electrode (SO57),,,,,,,,,,,,,,,,,,,,,,,,,,,,,,,,,,,,,,,,,,,,,,,,,,,37.94,Seabird SBE 911plus CTD,,,,,,,,
EMO BON OOB So 220823 micro (blank),EMOBON_OOB_So_60,,NA,NA,NA,NA,NA,NA,NA,Consort ORP electrode (SO57),,,,,,,,,,,,,,,,,,,,,,,,,,,,,,,,,,,,,,,,,,,,,,,,,,,,,,,,,,,,
EMO BON OOB So 221012 micro (1),EMOBON_OOB_So_61,batch_4,21.21,Seabird SBE 911plus CTD,8.1,Consort multimeter C3016,21,Consort temperature compensator (ST10) PT1000,205,Consort ORP electrode (SO57),,,,,,,,,,,,,,,,,,,,,,,,,,,,,,,,,,,,,,,,,,,,,,,,,,,38.21,Seabird SBE 911plus CTD,,,,,,,,
EMO BON OOB So 221012 micro (2),EMOBON_OOB_So_62,batch_4,21.21,Seabird SBE 911plus CTD,8.1,Consort multimeter C3016,21,Consort temperature compensator (ST10) PT1000,205,Consort ORP electrode (SO57),,,,,,,,,,,,,,,,,,,,,,,,,,,,,,,,,,,,,,,,,,,,,,,,,,,38.21,Seabird SBE 911plus CTD,,,,,,,,
EMO BON OOB So 221012 micro (3),EMOBON_OOB_So_63,,21.21,Seabird SBE 911plus CTD,8.1,Consort multimeter C3016,21,Consort temperature compensator (ST10) PT1000,205,Consort ORP electrode (SO57),,,,,,,,,,,,,,,,,,,,,,,,,,,,,,,,,,,,,,,,,,,,,,,,,,,38.21,Seabird SBE 911plus CTD,,,,,,,,
EMO BON OOB So 221012 micro (4),EMOBON_OOB_So_64,,21.21,Seabird SBE 911plus CTD,8.1,Consort multimeter C3016,21,Consort temperature compensator (ST10) PT1000,205,Consort ORP electrode (SO57),,,,,,,,,,,,,,,,,,,,,,,,,,,,,,,,,,,,,,,,,,,,,,,,,,,38.21,Seabird SBE 911plus CTD,,,,,,,,
EMO BON OOB So 221012 micro (blank),EMOBON_OOB_So_65,,NA,NA,NA,NA,NA,NA,NA,Consort ORP electrode (SO57),,,,,,,,,,,,,,,,,,,,,,,,,,,,,,,,,,,,,,,,,,,,,,,,,,,,,,,,,,,,
EMO BON OOB So 221012 meio (1),EMOBON_OOB_So_66,batch_5,21.21,Seabird SBE 911plus CTD,8.1,Consort multimeter C3016,21,Consort temperature compensator (ST10) PT1000,205,Consort ORP electrode (SO57),,,,,,,,,,,,,,,,,,,,,,,,,,,,,,,,,,,,,,,,,,,,,,,,,,,38.21,Seabird SBE 911plus CTD,,,,,,,,
EMO BON OOB So 221012 meio (2),EMOBON_OOB_So_67,batch_5,21.21,Seabird SBE 911plus CTD,8.1,Consort multimeter C3016,21,Consort temperature compensator (ST10) PT1000,205,Consort ORP electrode (SO57),,,,,,,,,,,,,,,,,,,,,,,,,,,,,,,,,,,,,,,,,,,,,,,,,,,38.21,Seabird SBE 911plus CTD,,,,,,,,
EMO BON OOB So 221012 meio (3),EMOBON_OOB_So_68,,21.21,Seabird SBE 911plus CTD,8.1,Consort multimeter C3016,21,Consort temperature compensator (ST10) PT1000,205,Consort ORP electrode (SO57),,,,,,,,,,,,,,,,,,,,,,,,,,,,,,,,,,,,,,,,,,,,,,,,,,,38.21,Seabird SBE 911plus CTD,,,,,,,,
EMO BON OOB So 221012 meio (4),EMOBON_OOB_So_69,,21.21,Seabird SBE 911plus CTD,8.1,Consort multimeter C3016,21,Consort temperature compensator (ST10) PT1000,205,Consort ORP electrode (SO57),,,,,,,,,,,,,,,,,,,,,,,,,,,,,,,,,,,,,,,,,,,,,,,,,,,38.21,Seabird SBE 911plus CTD,,,,,,,,
EMO BON OOB SO 221012 macro (1),EMOBON_OOB_So_70,batch_5,21.21,Seabird SBE 911plus CTD,8.1,Consort multimeter C3016,21,Consort temperature compensator (ST10) PT1000,205,Consort ORP electrode (SO57),,,,,,,,,,,,,,,,,,,,,,,,,,,,,,,,,,,,,,,,,,,,,,,,,,,38.21,Seabird SBE 911plus CTD,,,,,,,,
EMO BON OOB SO 221012 macro (2),EMOBON_OOB_So_71,batch_5,21.21,Seabird SBE 911plus CTD,8.1,Consort multimeter C3016,21,Consort temperature compensator (ST10) PT1000,205,Consort ORP electrode (SO57),,,,,,,,,,,,,,,,,,,,,,,,,,,,,,,,,,,,,,,,,,,,,,,,,,,38.21,Seabird SBE 911plus CTD,,,,,,,,
EMO BON OOB SO 221012 macro (3),EMOBON_OOB_So_72,,21.21,Seabird SBE 911plus CTD,8.1,Consort multimeter C3016,21,Consort temperature compensator (ST10) PT1000,205,Consort ORP electrode (SO57),,,,,,,,,,,,,,,,,,,,,,,,,,,,,,,,,,,,,,,,,,,,,,,,,,,38.21,Seabird SBE 911plus CTD,,,,,,,,
EMO BON OOB SO 221012 macro (4),EMOBON_OOB_So_73,,21.21,Seabird SBE 911plus CTD,8.1,Consort multimeter C3016,21,Consort temperature compensator (ST10) PT1000,205,Consort ORP electrode (SO57),,,,,,,,,,,,,,,,,,,,,,,,,,,,,,,,,,,,,,,,,,,,,,,,,,,38.21,Seabird SBE 911plus CTD,,,,,,,,
EMO BON OOB So 221206 micro (1),EMOBON_OOB_So_74,batch_4,15.24,Seabird SBE 911plus CTD,8.1,Consort multimeter C3016,15,Consort temperature compensator (ST10) PT1000,229,Consort ORP electrode (SO57),,,,,,,,,,,,,,,,,,,,,,,,,,,,,,,,,,,,,,,,,,,,,,,,,,,38.22,Seabird SBE 911plus CTD,,,,,,,,
EMO BON OOB So 221206 micro (2),EMOBON_OOB_So_75,batch_4,15.24,Seabird SBE 911plus CTD,8.1,Consort multimeter C3016,15,Consort temperature compensator (ST10) PT1000,229,Consort ORP electrode (SO57),,,,,,,,,,,,,,,,,,,,,,,,,,,,,,,,,,,,,,,,,,,,,,,,,,,38.22,Seabird SBE 911plus CTD,,,,,,,,
EMO BON OOB So 221206 micro (3),EMOBON_OOB_So_76,,15.24,Seabird SBE 911plus CTD,8.1,Consort multimeter C3016,15,Consort temperature compensator (ST10) PT1000,229,Consort ORP electrode (SO57),,,,,,,,,,,,,,,,,,,,,,,,,,,,,,,,,,,,,,,,,,,,,,,,,,,38.22,Seabird SBE 911plus CTD,,,,,,,,
EMO BON OOB So 221206 micro (4),EMOBON_OOB_So_77,,15.24,Seabird SBE 911plus CTD,8.1,Consort multimeter C3016,15,Consort temperature compensator (ST10) PT1000,229,Consort ORP electrode (SO57),,,,,,,,,,,,,,,,,,,,,,,,,,,,,,,,,,,,,,,,,,,,,,,,,,,38.22,Seabird SBE 911plus CTD,,,,,,,,
EMO BON OOB So 221206 micro (blank),EMOBON_OOB_So_78,,NA,NA,NA,NA,NA,NA,NA,Consort ORP electrode (SO57),,,,,,,,,,,,,,,,,,,,,,,,,,,,,,,,,,,,,,,,,,,,,,,,,,,,Seabird SBE 911plus CTD,,,,,,,,
EMO BON OOB So 230301 micro (1),EMOBON_OOB_So_79,batch_4,11.19,Seabird SBE 911plus CTD,8.1,Consort multimeter C3016,11.21,Consort temperature compensator (ST10) PT1000,228,Consort ORP electrode (SO57),,,,,,,,,,,,,,,,,,,,,,,,,,,,,,,,,,,,,,,,,,,,,,,,,,,37.84,Seabird SBE 911plus CTD,,,,,,,,
EMO BON OOB So 230301 micro (2),EMOBON_OOB_So_80,batch_4,11.19,Seabird SBE 911plus CTD,8.1,Consort multimeter C3016,11.21,Consort temperature compensator (ST10) PT1000,228,Consort ORP electrode (SO57),,,,,,,,,,,,,,,,,,,,,,,,,,,,,,,,,,,,,,,,,,,,,,,,,,,37.84,Seabird SBE 911plus CTD,,,,,,,,
EMO BON OOB So 230301 micro (3),EMOBON_OOB_So_81,,11.19,Seabird SBE 911plus CTD,8.1,Consort multimeter C3016,11.21,Consort temperature compensator (ST10) PT1000,228,Consort ORP electrode (SO57),,,,,,,,,,,,,,,,,,,,,,,,,,,,,,,,,,,,,,,,,,,,,,,,,,,37.84,Seabird SBE 911plus CTD,,,,,,,,
EMO BON OOB So 230301 micro (4),EMOBON_OOB_So_82,,11.19,Seabird SBE 911plus CTD,8.1,Consort multimeter C3016,11.21,Consort temperature compensator (ST10) PT1000,228,Consort ORP electrode (SO57),,,,,,,,,,,,,,,,,,,,,,,,,,,,,,,,,,,,,,,,,,,,,,,,,,,37.84,Seabird SBE 911plus CTD,,,,,,,,
EMO BON OOB So 230301 micro (blank),EMOBON_OOB_So_83,,NA,Seabird SBE 911plus CTD,NA,Consort multimeter C3016,11.21,Consort temperature compensator (ST10) PT1000,NA,Consort ORP electrode (SO57),,,,,,,,,,,,,,,,,,,,,,,,,,,,,,,,,,,,,,,,,,,,,,,,,,,,Seabird SBE 911plus CTD,,,,,,,,
EMO BON OOB So 230425 micro (1),EMOBON_OOB_So_84,batch_4,14.57,Seabird SBE 911plus CTD,8.1,Consort multimeter C3016,13.89,Consort temperature compensator (ST10) PT1000,203,Consort ORP electrode (SO57),,,,,,,,,,,,,,,,,,,,,,,,,,,,,,,,,,,,,,,,,,,,,,,,,,,38.17,Seabird SBE 911plus CTD,,,,,,,,
EMO BON OOB So 230425 micro (2),EMOBON_OOB_So_85,batch_4,14.57,Seabird SBE 911plus CTD,8.1,Consort multimeter C3016,13.89,Consort temperature compensator (ST10) PT1000,203,Consort ORP electrode (SO57),,,,,,,,,,,,,,,,,,,,,,,,,,,,,,,,,,,,,,,,,,,,,,,,,,,38.17,Seabird SBE 911plus CTD,,,,,,,,
EMO BON OOB So 230425 micro (3),EMOBON_OOB_So_86,,14.57,Seabird SBE 911plus CTD,8.1,Consort multimeter C3016,13.89,Consort temperature compensator (ST10) PT1000,203,Consort ORP electrode (SO57),,,,,,,,,,,,,,,,,,,,,,,,,,,,,,,,,,,,,,,,,,,,,,,,,,,38.17,Seabird SBE 911plus CTD,,,,,,,,
EMO BON OOB So 230425 micro (4),EMOBON_OOB_So_87,,14.57,Seabird SBE 911plus CTD,8.1,Consort multimeter C3016,13.89,Consort temperature compensator (ST10) PT1000,203,Consort ORP electrode (SO57),,,,,,,,,,,,,,,,,,,,,,,,,,,,,,,,,,,,,,,,,,,,,,,,,,,38.17,Seabird SBE 911plus CTD,,,,,,,,
EMO BON OOB So 230425 micro (blank),EMOBON_OOB_So_88,,NA,Seabird SBE 911plus CTD,NA,Consort multimeter C3016,13.89,Consort temperature compensator (ST10) PT1000,NA,Consort ORP electrode (SO57),,,,,,,,,,,,,,,,,,,,,,,,,,,,,,,,,,,,,,,,,,,,,,,,,,,,Seabird SBE 911plus CTD,,,,,,,,
EMO BON OOB So 230425 meio (1),EMOBON_OOB_So_89,batch_5,14.57,Seabird SBE 911plus CTD,8.1,Consort multimeter C3016,13.89,Consort temperature compensator (ST10) PT1000,203,Consort ORP electrode (SO57),,,,,,,,,,,,,,,,,,,,,,,,,,,,,,,,,,,,,,,,,,,,,,,,,,,38.17,Seabird SBE 911plus CTD,,,,,,,,
EMO BON OOB So 230425 meio (2),EMOBON_OOB_So_90,batch_5,14.57,Seabird SBE 911plus CTD,8.1,Consort multimeter C3016,13.89,Consort temperature compensator (ST10) PT1000,203,Consort ORP electrode (SO57),,,,,,,,,,,,,,,,,,,,,,,,,,,,,,,,,,,,,,,,,,,,,,,,,,,38.17,Seabird SBE 911plus CTD,,,,,,,,
EMO BON OOB So 230425 meio (3),EMOBON_OOB_So_91,,14.57,Seabird SBE 911plus CTD,8.1,Consort multimeter C3016,13.89,Consort temperature compensator (ST10) PT1000,203,Consort ORP electrode (SO57),,,,,,,,,,,,,,,,,,,,,,,,,,,,,,,,,,,,,,,,,,,,,,,,,,,38.17,Seabird SBE 911plus CTD,,,,,,,,
EMO BON OOB So 230425 meio (4),EMOBON_OOB_So_92,,14.57,Seabird SBE 911plus CTD,8.1,Consort multimeter C3016,13.89,Consort temperature compensator (ST10) PT1000,203,Consort ORP electrode (SO57),,,,,,,,,,,,,,,,,,,,,,,,,,,,,,,,,,,,,,,,,,,,,,,,,,,38.17,Seabird SBE 911plus CTD,,,,,,,,
EMO BON OOB So 230427 macro (1),EMOBON_OOB_So_93,batch_5,14.57,Seabird SBE 911plus CTD,8.1,Consort multimeter C3016,13.89,Consort temperature compensator (ST10) PT1000,203,Consort ORP electrode (SO57),,,,,,,,,,,,,,,,,,,,,,,,,,,,,,,,,,,,,,,,,,,,,,,,,,,38.17,Seabird SBE 911plus CTD,,,,,,,,
EMO BON OOB So 230427 macro (2),EMOBON_OOB_So_94,batch_5,14.57,Seabird SBE 911plus CTD,8.1,Consort multimeter C3016,13.89,Consort temperature compensator (ST10) PT1000,203,Consort ORP electrode (SO57),,,,,,,,,,,,,,,,,,,,,,,,,,,,,,,,,,,,,,,,,,,,,,,,,,,38.17,Seabird SBE 911plus CTD,,,,,,,,
EMO BON OOB So 230427 macro (3),EMOBON_OOB_So_95,,14.57,Seabird SBE 911plus CTD,8.1,Consort multimeter C3016,13.89,Consort temperature compensator (ST10) PT1000,203,Consort ORP electrode (SO57),,,,,,,,,,,,,,,,,,,,,,,,,,,,,,,,,,,,,,,,,,,,,,,,,,,38.17,Seabird SBE 911plus CTD,,,,,,,,
EMO BON OOB So 230427 macro (4),EMOBON_OOB_So_96,,14.57,Seabird SBE 911plus CTD,8.1,Consort multimeter C3016,13.89,Consort temperature compensator (ST10) PT1000,203,Consort ORP electrode (SO57),,,,,,,,,,,,,,,,,,,,,,,,,,,,,,,,,,,,,,,,,,,,,,,,,,,38.17,Seabird SBE 911plus CTD,,,,,,,,
EMO BON OOB So 230620 micro (1),EMOBON_OOB_So_97,batch_4,22.04,Seabird SBE 911plus CTD,8,Consort multimeter C3016,16.47,Consort temperature compensator (ST10) PT1000,182,Consort ORP electrode (SO57),,,,,,,,,,,,,,,,,,,,,,,,,,,,,,,,,,,,,,,,,,,,,,,,,,,37.41,Seabird SBE 911plus CTD,,,,,,,,
EMO BON OOB So 230620 micro (2),EMOBON_OOB_So_98,batch_4,22.04,Seabird SBE 911plus CTD,8,Consort multimeter C3016,16.47,Consort temperature compensator (ST10) PT1000,182,Consort ORP electrode (SO57),,,,,,,,,,,,,,,,,,,,,,,,,,,,,,,,,,,,,,,,,,,,,,,,,,,37.41,Seabird SBE 911plus CTD,,,,,,,,
EMO BON OOB So 230620 micro (3),EMOBON_OOB_So_99,,22.04,Seabird SBE 911plus CTD,8,Consort multimeter C3016,16.47,Consort temperature compensator (ST10) PT1000,182,Consort ORP electrode (SO57),,,,,,,,,,,,,,,,,,,,,,,,,,,,,,,,,,,,,,,,,,,,,,,,,,,37.41,Seabird SBE 911plus CTD,,,,,,,,
EMO BON OOB So 230620 micro (4),EMOBON_OOB_So_100,,22.04,Seabird SBE 911plus CTD,8,Consort multimeter C3016,16.47,Consort temperature compensator (ST10) PT1000,182,Consort ORP electrode (SO57),,,,,,,,,,,,,,,,,,,,,,,,,,,,,,,,,,,,,,,,,,,,,,,,,,,37.41,Seabird SBE 911plus CTD,,,,,,,,
EMO BON OOB So 230620 micro (blank),EMOBON_OOB_So_101,,NA,Seabird SBE 911plus CTD,NA,Consort multimeter C3016,NA,Consort temperature compensator (ST10) PT1000,NA,Consort ORP electrode (SO57),,,,,,,,,,,,,,,,,,,,,,,,,,,,,,,,,,,,,,,,,,,,,,,,,,,,Seabird SBE 911plus CTD,,,,,,,,
EMO BON OOB So 230620 meio (1),EMOBON_OOB_So_102,batch_5,22.04,Seabird SBE 911plus CTD,8,Consort multimeter C3016,16.47,Consort temperature compensator (ST10) PT1000,182,Consort ORP electrode (SO57),,,,,,,,,,,,,,,,,,,,,,,,,,,,,,,,,,,,,,,,,,,,,,,,,,,37.41,Seabird SBE 911plus CTD,,,,,,,,
EMO BON OOB So 230620 meio (2),EMOBON_OOB_So_103,batch_5,22.04,Seabird SBE 911plus CTD,8,Consort multimeter C3016,16.47,Consort temperature compensator (ST10) PT1000,182,Consort ORP electrode (SO57),,,,,,,,,,,,,,,,,,,,,,,,,,,,,,,,,,,,,,,,,,,,,,,,,,,37.41,Seabird SBE 911plus CTD,,,,,,,,
EMO BON OOB So 230620 meio (3),EMOBON_OOB_So_104,,22.04,Seabird SBE 911plus CTD,8,Consort multimeter C3016,16.47,Consort temperature compensator (ST10) PT1000,182,Consort ORP electrode (SO57),,,,,,,,,,,,,,,,,,,,,,,,,,,,,,,,,,,,,,,,,,,,,,,,,,,37.41,Seabird SBE 911plus CTD,,,,,,,,
EMO BON OOB So 230620 meio (4),EMOBON_OOB_So_105,,22.04,Seabird SBE 911plus CTD,8,Consort multimeter C3016,16.47,Consort temperature compensator (ST10) PT1000,182,Consort ORP electrode (SO57),,,,,,,,,,,,,,,,,,,,,,,,,,,,,,,,,,,,,,,,,,,,,,,,,,,37.41,Seabird SBE 911plus CTD,,,,,,,,
EMO BON OOB So 230901 micro (1),EMOBON_OOB_So_106,batch_4,22.41,Seabird SBE 911plus CTD,8,Consort multimeter C3016,22.5,Consort temperature compensator (ST10) PT1000,284,Consort ORP electrode (SO57),,,,,,,,,,,,,,,,,,,,,,,,,,,,,,,,,,,,,,,,,,,,,,,,,,,37.99,Seabird SBE 911plus CTD,,,,,,,,
EMO BON OOB So 230901 micro (2),EMOBON_OOB_So_107,batch_4,22.41,Seabird SBE 911plus CTD,8,Consort multimeter C3016,22.5,Consort temperature compensator (ST10) PT1000,284,Consort ORP electrode (SO57),,,,,,,,,,,,,,,,,,,,,,,,,,,,,,,,,,,,,,,,,,,,,,,,,,,37.99,Seabird SBE 911plus CTD,,,,,,,,
EMO BON OOB So 230901 micro (3),EMOBON_OOB_So_108,,22.41,Seabird SBE 911plus CTD,8,Consort multimeter C3016,22.5,Consort temperature compensator (ST10) PT1000,284,Consort ORP electrode (SO57),,,,,,,,,,,,,,,,,,,,,,,,,,,,,,,,,,,,,,,,,,,,,,,,,,,37.99,Seabird SBE 911plus CTD,,,,,,,,
EMO BON OOB So 230901 micro (4),EMOBON_OOB_So_109,,22.41,Seabird SBE 911plus CTD,8,Consort multimeter C3016,22.5,Consort temperature compensator (ST10) PT1000,284,Consort ORP electrode (SO57),,,,,,,,,,,,,,,,,,,,,,,,,,,,,,,,,,,,,,,,,,,,,,,,,,,37.99,Seabird SBE 911plus CTD,,,,,,,,
EMO BON OOB So 230901 micro (blank),EMOBON_OOB_So_110,,NA,NA,NA,NA,NA,NA,NA,Consort ORP electrode (SO57),,,,,,,,,,,,,,,,,,,,,,,,,,,,,,,,,,,,,,,,,,,,,,,,,,,,,,,,,,,,
EMO BON OOB So 231017 meio (1),EMOBON_OOB_So_111,batch_6,21.55,Seabird SBE 911plus CTD,8.2,Consort multimeter C3016,21.33,Consort temperature compensator (ST10) PT1000,174,Consort ORP electrode (SO57),,,,,,,,,,,,,,,,,,,,,,,,,,,,,,,,,,,,,,,,,,,,,,,,,,,38.2,Seabird SBE 911plus CTD,,,,,,,,
EMO BON OOB So 231017 meio (2),EMOBON_OOB_So_112,batch_6,21.55,Seabird SBE 911plus CTD,8.2,Consort multimeter C3016,21.33,Consort temperature compensator (ST10) PT1000,174,Consort ORP electrode (SO57),,,,,,,,,,,,,,,,,,,,,,,,,,,,,,,,,,,,,,,,,,,,,,,,,,,38.2,Seabird SBE 911plus CTD,,,,,,,,
EMO BON OOB So 231017 meio (3),EMOBON_OOB_So_113,NA,21.55,Seabird SBE 911plus CTD,8.2,Consort multimeter C3016,21.33,Consort temperature compensator (ST10) PT1000,174,Consort ORP electrode (SO57),,,,,,,,,,,,,,,,,,,,,,,,,,,,,,,,,,,,,,,,,,,,,,,,,,,38.2,Seabird SBE 911plus CTD,,,,,,,,
EMO BON OOB So 231017 meio (4),EMOBON_OOB_So_114,NA,21.55,Seabird SBE 911plus CTD,8.2,Consort multimeter C3016,21.33,Consort temperature compensator (ST10) PT1000,174,Consort ORP electrode (SO57),,,,,,,,,,,,,,,,,,,,,,,,,,,,,,,,,,,,,,,,,,,,,,,,,,,38.2,Seabird SBE 911plus CTD,,,,,,,,
EMO BON OOB So 231017 micro (1),EMOBON_OOB_So_115,batch_6,21.55,Seabird SBE 911plus CTD,8.2,Consort multimeter C3016,21.33,Consort temperature compensator (ST10) PT1000,174,Consort ORP electrode (SO57),,,,,,,,,,,,,,,,,,,,,,,,,,,,,,,,,,,,,,,,,,,,,,,,,,,38.2,Seabird SBE 911plus CTD,,,,,,,,
EMO BON OOB So 231017 micro (2),EMOBON_OOB_So_116,batch_6,21.55,Seabird SBE 911plus CTD,8.2,Consort multimeter C3016,21.33,Consort temperature compensator (ST10) PT1000,174,Consort ORP electrode (SO57),,,,,,,,,,,,,,,,,,,,,,,,,,,,,,,,,,,,,,,,,,,,,,,,,,,38.2,Seabird SBE 911plus CTD,,,,,,,,
EMO BON OOB So 231017 micro (3),EMOBON_OOB_So_117,NA,21.55,Seabird SBE 911plus CTD,8.2,Consort multimeter C3016,21.33,Consort temperature compensator (ST10) PT1000,174,Consort ORP electrode (SO57),,,,,,,,,,,,,,,,,,,,,,,,,,,,,,,,,,,,,,,,,,,,,,,,,,,38.2,Seabird SBE 911plus CTD,,,,,,,,
EMO BON OOB So 231017 micro (4),EMOBON_OOB_So_118,NA,21.55,Seabird SBE 911plus CTD,8.2,Consort multimeter C3016,21.33,Consort temperature compensator (ST10) PT1000,174,Consort ORP electrode (SO57),,,,,,,,,,,,,,,,,,,,,,,,,,,,,,,,,,,,,,,,,,,,,,,,,,,38.2,Seabird SBE 911plus CTD,,,,,,,,
EMO BON OOB So 231017 micro (blank),EMOBON_OOB_So_119,NA,NA,Seabird SBE 911plus CTD,NA,Consort multimeter C3016,NA,Consort temperature compensator (ST10) PT1000,NA,Consort ORP electrode (SO57),,,,,,,,,,,,,,,,,,,,,,,,,,,,,,,,,,,,,,,,,,,,,,,,,,,,,,,,,,,,
EMO BON OOB So 231024 macro (1),EMOBON_OOB_So_120,batch_6,20.37,Seabird SBE 911plus CTD,8.2,Consort multimeter C3016,20.3,Consort temperature compensator (ST10) PT1000,174,Consort ORP electrode (SO57),,,,,,,,,,,,,,,,,,,,,,,,,,,,,,,,,,,,,,,,,,,,,,,,,,,38.17,Seabird SBE 911plus CTD,,,,,,,,
EMO BON OOB So 231024 macro (2),EMOBON_OOB_So_121,batch_6,20.37,Seabird SBE 911plus CTD,8.2,Consort multimeter C3016,20.3,Consort temperature compensator (ST10) PT1000,174,Consort ORP electrode (SO57),,,,,,,,,,,,,,,,,,,,,,,,,,,,,,,,,,,,,,,,,,,,,,,,,,,38.17,Seabird SBE 911plus CTD,,,,,,,,
EMO BON OOB So 231024 macro (3),EMOBON_OOB_So_122,NA,20.37,Seabird SBE 911plus CTD,8.2,Consort multimeter C3016,20.3,Consort temperature compensator (ST10) PT1000,174,Consort ORP electrode (SO57),,,,,,,,,,,,,,,,,,,,,,,,,,,,,,,,,,,,,,,,,,,,,,,,,,,38.17,Seabird SBE 911plus CTD,,,,,,,,
EMO BON OOB So 231024 macro (4),EMOBON_OOB_So_123,NA,20.37,Seabird SBE 911plus CTD,8.2,Consort multimeter C3016,20.3,Consort temperature compensator (ST10) PT1000,174,Consort ORP electrode (SO57),,,,,,,,,,,,,,,,,,,,,,,,,,,,,,,,,,,,,,,,,,,,,,,,,,,38.17,Seabird SBE 911plus CTD,,,,,,,,
EMO BON OOB So 231206 micro (1),EMOBON_OOB_So_124,batch_6,14.74,Seabird SBE 911plus CTD,8.2,Consort multimeter C3016,14.64,Consort temperature compensator (ST10) PT1000,185,Consort ORP electrode (SO57),,,,,,,,,,,,,,,,,,,,,,,,,,,,,,,,,,,,,,,,,,,,,,,,,,,38.1,Seabird SBE 911plus CTD,,,,,,,,
EMO BON OOB So 231206 micro (2),EMOBON_OOB_So_125,batch_6,14.74,Seabird SBE 911plus CTD,8.2,Consort multimeter C3016,14.64,Consort temperature compensator (ST10) PT1000,185,Consort ORP electrode (SO57),,,,,,,,,,,,,,,,,,,,,,,,,,,,,,,,,,,,,,,,,,,,,,,,,,,38.1,Seabird SBE 911plus CTD,,,,,,,,
EMO BON OOB So 231206 micro (3),EMOBON_OOB_So_126,NA,14.74,Seabird SBE 911plus CTD,8.2,Consort multimeter C3016,14.64,Consort temperature compensator (ST10) PT1000,185,Consort ORP electrode (SO57),,,,,,,,,,,,,,,,,,,,,,,,,,,,,,,,,,,,,,,,,,,,,,,,,,,38.1,Seabird SBE 911plus CTD,,,,,,,,
EMO BON OOB So 231206 micro (4),EMOBON_OOB_So_127,NA,14.74,Seabird SBE 911plus CTD,8.2,Consort multimeter C3016,14.64,Consort temperature compensator (ST10) PT1000,185,Consort ORP electrode (SO57),,,,,,,,,,,,,,,,,,,,,,,,,,,,,,,,,,,,,,,,,,,,,,,,,,,38.1,Seabird SBE 911plus CTD,,,,,,,,
EMO BON OOB So 231206 micro (blank),EMOBON_OOB_So_128,NA,NA,Seabird SBE 911plus CTD,NA,Consort multimeter C3016,NA,Consort temperature compensator (ST10) PT1000,NA,Consort ORP electrode (SO57),,,,,,,,,,,,,,,,,,,,,,,,,,,,,,,,,,,,,,,,,,,,,,,,,,,,,,,,,,,,
EMO BON OOB So 240226 micro (1),EMOBON_OOB_So_129,batch_6,12.67,Seabird SBE 911plus CTD,8.2,Consort multimeter C3016,12.65,Consort temperature compensator (ST10) PT1000,209,Consort ORP electrode (SO57),,,,,,,,,,,,,,,,,,,,,,,,,,,,,,,,,,,,,,,,,,,,,,,,,,,37.95,Seabird SBE 911plus CTD,,,,,,,,
EMO BON OOB So 240226 micro (2),EMOBON_OOB_So_130,batch_6,12.67,Seabird SBE 911plus CTD,8.2,Consort multimeter C3016,12.65,Consort temperature compensator (ST10) PT1000,209,Consort ORP electrode (SO57),,,,,,,,,,,,,,,,,,,,,,,,,,,,,,,,,,,,,,,,,,,,,,,,,,,37.95,Seabird SBE 911plus CTD,,,,,,,,
EMO BON OOB So 240226 micro (3),EMOBON_OOB_So_131,NA,12.67,Seabird SBE 911plus CTD,8.2,Consort multimeter C3016,12.65,Consort temperature compensator (ST10) PT1000,209,Consort ORP electrode (SO57),,,,,,,,,,,,,,,,,,,,,,,,,,,,,,,,,,,,,,,,,,,,,,,,,,,37.95,Seabird SBE 911plus CTD,,,,,,,,
EMO BON OOB So 240226 micro (4),EMOBON_OOB_So_132,NA,12.67,Seabird SBE 911plus CTD,8.2,Consort multimeter C3016,12.65,Consort temperature compensator (ST10) PT1000,209,Consort ORP electrode (SO57),,,,,,,,,,,,,,,,,,,,,,,,,,,,,,,,,,,,,,,,,,,,,,,,,,,37.95,Seabird SBE 911plus CTD,,,,,,,,
EMO BON OOB So 240226 micro (blank),EMOBON_OOB_So_133,NA,NA,Seabird SBE 911plus CTD,NA,Consort multimeter C3016,NA,Consort temperature compensator (ST10) PT1000,,Consort ORP electrode (SO57),,,,,,,,,,,,,,,,,,,,,,,,,,,,,,,,,,,,,,,,,,,,,,,,,,,37.41,Seabird SBE 911plus CTD,,,,,,,,
EMO BON OOB So 240430 macro (1),EMOBON_OOB_So_134,batch_6,14.1,Seabird SBE 911plus CTD,8.2,Consort multimeter C3016,13.9,Consort temperature compensator (ST10) PT1000,173,Consort ORP electrode (SO57),,,,,,,,,,,,,,,,,,,,,,,,,,,,,,,,,,,,,,,,,,,,,,,,,,,37.41,Seabird SBE 911plus CTD,,,,,,,,
EMO BON OOB So 240430 macro (2),EMOBON_OOB_So_135,batch_6,14.1,Seabird SBE 911plus CTD,8.2,Consort multimeter C3016,13.9,Consort temperature compensator (ST10) PT1000,173,Consort ORP electrode (SO57),,,,,,,,,,,,,,,,,,,,,,,,,,,,,,,,,,,,,,,,,,,,,,,,,,,37.41,Seabird SBE 911plus CTD,,,,,,,,
EMO BON OOB So 240430 macro (3),EMOBON_OOB_So_136,NA,14.1,Seabird SBE 911plus CTD,8.2,Consort multimeter C3016,13.9,Consort temperature compensator (ST10) PT1000,173,Consort ORP electrode (SO57),,,,,,,,,,,,,,,,,,,,,,,,,,,,,,,,,,,,,,,,,,,,,,,,,,,37.41,Seabird SBE 911plus CTD,,,,,,,,
EMO BON OOB So 240430 macro (4),EMOBON_OOB_So_137,NA,14.1,Seabird SBE 911plus CTD,8.2,Consort multimeter C3016,13.9,Consort temperature compensator (ST10) PT1000,173,Consort ORP electrode (SO57),,,,,,,,,,,,,,,,,,,,,,,,,,,,,,,,,,,,,,,,,,,,,,,,,,,37.41,Seabird SBE 911plus CTD,,,,,,,,
EMO BON OOB So 240430 micro (1),EMOBON_OOB_So_138,batch_6,14.1,Seabird SBE 911plus CTD,8.2,Consort multimeter C3016,13.9,Consort temperature compensator (ST10) PT1000,173,Consort ORP electrode (SO57),,,,,,,,,,,,,,,,,,,,,,,,,,,,,,,,,,,,,,,,,,,,,,,,,,,37.41,Seabird SBE 911plus CTD,,,,,,,,
EMO BON OOB So 240430 micro (2),EMOBON_OOB_So_139,batch_6,14.1,Seabird SBE 911plus CTD,8.2,Consort multimeter C3016,13.9,Consort temperature compensator (ST10) PT1000,173,Consort ORP electrode (SO57),,,,,,,,,,,,,,,,,,,,,,,,,,,,,,,,,,,,,,,,,,,,,,,,,,,37.41,,,,,,,,,
EMO BON OOB So 240430 micro (3),EMOBON_OOB_So_140,NA,14.1,Seabird SBE 911plus CTD,8.2,Consort multimeter C3016,13.9,Consort temperature compensator (ST10) PT1000,173,Consort ORP electrode (SO57),,,,,,,,,,,,,,,,,,,,,,,,,,,,,,,,,,,,,,,,,,,,,,,,,,,37.41,Seabird SBE 911plus CTD,,,,,,,,
EMO BON OOB So 240430 micro (4),EMOBON_OOB_So_141,NA,14.1,Seabird SBE 911plus CTD,8.2,Consort multimeter C3016,13.9,Consort temperature compensator (ST10) PT1000,173,Consort ORP electrode (SO57),,,,,,,,,,,,,,,,,,,,,,,,,,,,,,,,,,,,,,,,,,,,,,,,,,,37.41,Seabird SBE 911plus CTD,,,,,,,,
EMO BON OOB So 240430 micro (blank),EMOBON_OOB_So_142,NA,NA,Seabird SBE 911plus CTD,NA,Consort multimeter C3016,NA,Consort temperature compensator (ST10) PT1000,NA,Consort ORP electrode (SO57),,,,,,,,,,,,,,,,,,,,,,,,,,,,,,,,,,,,,,,,,,,,,,,,,,,NA,,,,,,,,,
EMO BON OOB So 240430 meio (1),EMOBON_OOB_So_143,batch_6,14.1,Seabird SBE 911plus CTD,8.2,Consort multimeter C3016,13.9,Consort temperature compensator (ST10) PT1000,173,Consort ORP electrode (SO57),,,,,,,,,,,,,,,,,,,,,,,,,,,,,,,,,,,,,,,,,,,,,,,,,,,37.41,Seabird SBE 911plus CTD,,,,,,,,
EMO BON OOB So 240430 meio (2),EMOBON_OOB_So_144,batch_6,14.1,Seabird SBE 911plus CTD,8.2,Consort multimeter C3016,13.9,Consort temperature compensator (ST10) PT1000,173,Consort ORP electrode (SO57),,,,,,,,,,,,,,,,,,,,,,,,,,,,,,,,,,,,,,,,,,,,,,,,,,,37.41,Seabird SBE 911plus CTD,,,,,,,,
EMO BON OOB So 240430 meio (3),EMOBON_OOB_So_145,NA,14.1,Seabird SBE 911plus CTD,8.2,Consort multimeter C3016,13.9,Consort temperature compensator (ST10) PT1000,173,Consort ORP electrode (SO57),,,,,,,,,,,,,,,,,,,,,,,,,,,,,,,,,,,,,,,,,,,,,,,,,,,37.41,Seabird SBE 911plus CTD,,,,,,,,
EMO BON OOB So 240430 meio (4),EMOBON_OOB_So_146,NA,14.1,Seabird SBE 911plus CTD,8.2,Consort multimeter C3016,13.9,Consort temperature compensator (ST10) PT1000,173,Consort ORP electrode (SO57),,,,,,,,,,,,,,,,,,,,,,,,,,,,,,,,,,,,,,,,,,,,,,,,,,,37.41,Seabird SBE 911plus CTD,,,,,,,,
EMO BON OOB So 240626 micro (1),EMOBON_OOB_So_147,batch_6,20.28,Seabird SBE 911plus CTD,8.2,Consort multimeter C3016,21,Consort temperature compensator (ST10) PT1000,197,Consort ORP electrode (SO57),,,,,,,,,,,,,,,,,,,,,,,,,,,,,,,,,,,,,,,,,,,,,,,,,,,36.94,Seabird SBE 911plus CTD,,,,,,,,
EMO BON OOB So 240626 micro (2),EMOBON_OOB_So_148,batch_6,20.28,Seabird SBE 911plus CTD,8.2,Consort multimeter C3016,21,Consort temperature compensator (ST10) PT1000,197,Consort ORP electrode (SO57),,,,,,,,,,,,,,,,,,,,,,,,,,,,,,,,,,,,,,,,,,,,,,,,,,,36.94,Seabird SBE 911plus CTD,,,,,,,,
EMO BON OOB So 240626 micro (3),EMOBON_OOB_So_149,NA,20.28,Seabird SBE 911plus CTD,8.2,Consort multimeter C3016,21,Consort temperature compensator (ST10) PT1000,197,Consort ORP electrode (SO57),,,,,,,,,,,,,,,,,,,,,,,,,,,,,,,,,,,,,,,,,,,,,,,,,,,36.94,Seabird SBE 911plus CTD,,,,,,,,
EMO BON OOB So 240626 micro (4),EMOBON_OOB_So_150,NA,20.28,Seabird SBE 911plus CTD,8.2,Consort multimeter C3016,21,Consort temperature compensator (ST10) PT1000,197,Consort ORP electrode (SO57),,,,,,,,,,,,,,,,,,,,,,,,,,,,,,,,,,,,,,,,,,,,,,,,,,,36.94,Seabird SBE 911plus CTD,,,,,,,,
EMO BON OOB So 240626 micro (blank),EMOBON_OOB_So_151,NA,NA,Seabird SBE 911plus CTD,NA,Consort multimeter C3016,NA,Consort temperature compensator (ST10) PT1000,NA,Consort ORP electrode (SO57),,,,,,,,,,,,,,,,,,,,,,,,,,,,,,,,,,,,,,,,,,,,,,,,,,,NA,Seabird SBE 911plus CTD,,,,,,,,
EMO BON OOB So 240626 meio (1),EMOBON_OOB_So_152,batch_6,20.28,Seabird SBE 911plus CTD,8.2,Consort multimeter C3016,21,Consort temperature compensator (ST10) PT1000,197,Consort ORP electrode (SO57),,,,,,,,,,,,,,,,,,,,,,,,,,,,,,,,,,,,,,,,,,,,,,,,,,,36.94,Seabird SBE 911plus CTD,,,,,,,,
EMO BON OOB So 240626 meio (2),EMOBON_OOB_So_153,batch_6,20.28,Seabird SBE 911plus CTD,8.2,Consort multimeter C3016,21,Consort temperature compensator (ST10) PT1000,197,Consort ORP electrode (SO57),,,,,,,,,,,,,,,,,,,,,,,,,,,,,,,,,,,,,,,,,,,,,,,,,,,36.94,Seabird SBE 911plus CTD,,,,,,,,
EMO BON OOB So 240626 meio (3),EMOBON_OOB_So_154,NA,20.28,Seabird SBE 911plus CTD,8.2,Consort multimeter C3016,21,Consort temperature compensator (ST10) PT1000,197,Consort ORP electrode (SO57),,,,,,,,,,,,,,,,,,,,,,,,,,,,,,,,,,,,,,,,,,,,,,,,,,,36.94,Seabird SBE 911plus CTD,,,,,,,,
EMO BON OOB So 240626 meio (4),EMOBON_OOB_So_155,NA,20.28,Seabird SBE 911plus CTD,8.2,Consort multimeter C3016,21,Consort temperature compensator (ST10) PT1000,197,Consort ORP electrode (SO57),,,,,,,,,,,,,,,,,,,,,,,,,,,,,,,,,,,,,,,,,,,,,,,,,,,36.94,Seabird SBE 911plus CTD,,,,,,,,
EMO BON OOB So 240820 micro (1),EMOBON_OOB_So_156,batch_6,22.5,Seabird SBE 911plus CTD,NA,Consort multimeter C3016,NA,Consort temperature compensator (ST10) PT1000,NA,Consort ORP electrode (SO57),,,,,,,,,,,,,,,,,,,,,,,,,,,,,,,,,,,,,,,,,,,,,,,,,,,36.39,Seabird SBE 911plus CTD,,,,,,,,
EMO BON OOB So 240820 micro (2),EMOBON_OOB_So_157,batch_6,22.5,Seabird SBE 911plus CTD,NA,Consort multimeter C3016,NA,Consort temperature compensator (ST10) PT1000,NA,Consort ORP electrode (SO57),,,,,,,,,,,,,,,,,,,,,,,,,,,,,,,,,,,,,,,,,,,,,,,,,,,36.39,Seabird SBE 911plus CTD,,,,,,,,
EMO BON OOB So 240820 micro (3),EMOBON_OOB_So_158,NA,22.5,Seabird SBE 911plus CTD,NA,Consort multimeter C3016,NA,Consort temperature compensator (ST10) PT1000,NA,Consort ORP electrode (SO57),,,,,,,,,,,,,,,,,,,,,,,,,,,,,,,,,,,,,,,,,,,,,,,,,,,36.39,Seabird SBE 911plus CTD,,,,,,,,
EMO BON OOB So 240820 micro (4),EMOBON_OOB_So_159,NA,22.5,Seabird SBE 911plus CTD,NA,Consort multimeter C3016,NA,Consort temperature compensator (ST10) PT1000,NA,Consort ORP electrode (SO57),,,,,,,,,,,,,,,,,,,,,,,,,,,,,,,,,,,,,,,,,,,,,,,,,,,36.39,Seabird SBE 911plus CTD,,,,,,,,
EMO BON OOB So 240820 micro (blank),EMOBON_OOB_So_160,NA,NA,Seabird SBE 911plus CTD,NA,Consort multimeter C3016,NA,Consort temperature compensator (ST10) PT1000,NA,Consort ORP electrode (SO57),,,,,,,,,,,,,,,,,,,,,,,,,,,,,,,,,,,,,,,,,,,,,,,,,,,NA,Seabird SBE 911plus CTD,,,,,,,,
EMO BON OOB So 241015 meio (1),EMOBON_OOB_So_161,batch_6,18.37,Seabird SBE 911plus CTD,8.1,Consort multimeter C3016,20,Consort temperature compensator (ST10) PT1000,172,Consort ORP electrode (SO57),,,,,,,,,,,,,,,,,,,,,,,,,,,,,,,,,,,,,,,,,,,,,,,,,,,38.12,Seabird SBE 911plus CTD,,,,,,,,
EMO BON OOB So 241015 meio (2),EMOBON_OOB_So_162,batch_6,18.37,Seabird SBE 911plus CTD,8.1,Consort multimeter C3016,20,Consort temperature compensator (ST10) PT1000,172,Consort ORP electrode (SO57),,,,,,,,,,,,,,,,,,,,,,,,,,,,,,,,,,,,,,,,,,,,,,,,,,,38.12,Seabird SBE 911plus CTD,,,,,,,,
EMO BON OOB So 241015 meio (3),EMOBON_OOB_So_163,NA,18.37,Seabird SBE 911plus CTD,8.1,Consort multimeter C3016,20,Consort temperature compensator (ST10) PT1000,172,Consort ORP electrode (SO57),,,,,,,,,,,,,,,,,,,,,,,,,,,,,,,,,,,,,,,,,,,,,,,,,,,38.12,Seabird SBE 911plus CTD,,,,,,,,
EMO BON OOB So 241015 meio (4),EMOBON_OOB_So_164,NA,18.37,Seabird SBE 911plus CTD,8.1,Consort multimeter C3016,20,Consort temperature compensator (ST10) PT1000,172,Consort ORP electrode (SO57),,,,,,,,,,,,,,,,,,,,,,,,,,,,,,,,,,,,,,,,,,,,,,,,,,,38.12,Seabird SBE 911plus CTD,,,,,,,,
EMO BON OOB So 241015 micro (1),EMOBON_OOB_So_165,batch_6,18.37,Seabird SBE 911plus CTD,8.1,Consort multimeter C3016,20,Consort temperature compensator (ST10) PT1000,172,Consort ORP electrode (SO57),,,,,,,,,,,,,,,,,,,,,,,,,,,,,,,,,,,,,,,,,,,,,,,,,,,38.12,Seabird SBE 911plus CTD,,,,,,,,
EMO BON OOB So 241015 micro (2),EMOBON_OOB_So_166,batch_6,18.37,Seabird SBE 911plus CTD,8.1,Consort multimeter C3016,20,Consort temperature compensator (ST10) PT1000,172,Consort ORP electrode (SO57),,,,,,,,,,,,,,,,,,,,,,,,,,,,,,,,,,,,,,,,,,,,,,,,,,,38.12,Seabird SBE 911plus CTD,,,,,,,,
EMO BON OOB So 241015 micro (3),EMOBON_OOB_So_167,NA,18.37,Seabird SBE 911plus CTD,8.1,Consort multimeter C3016,20,Consort temperature compensator (ST10) PT1000,172,Consort ORP electrode (SO57),,,,,,,,,,,,,,,,,,,,,,,,,,,,,,,,,,,,,,,,,,,,,,,,,,,38.12,Seabird SBE 911plus CTD,,,,,,,,
EMO BON OOB So 241015 micro (4),EMOBON_OOB_So_168,NA,18.37,Seabird SBE 911plus CTD,8.1,Consort multimeter C3016,20,Consort temperature compensator (ST10) PT1000,172,Consort ORP electrode (SO57),,,,,,,,,,,,,,,,,,,,,,,,,,,,,,,,,,,,,,,,,,,,,,,,,,,38.12,Seabird SBE 911plus CTD,,,,,,,,
EMO BON OOB So 241015 micro (blank),EMOBON_OOB_So_169,NA,NA,Seabird SBE 911plus CTD,NA,Consort multimeter C3016,NA,Consort temperature compensator (ST10) PT1000,NA,Consort ORP electrode (SO57),,,,,,,,,,,,,,,,,,,,,,,,,,,,,,,,,,,,,,,,,,,,,,,,,,,NA,Seabird SBE 911plus CTD,,,,,,,,
EMO BON OOB So 241015 macro (1),EMOBON_OOB_So_170,batch_6,18.37,Seabird SBE 911plus CTD,8.1,Consort multimeter C3016,20,Consort temperature compensator (ST10) PT1000,172,Consort ORP electrode (SO57),,,,,,,,,,,,,,,,,,,,,,,,,,,,,,,,,,,,,,,,,,,,,,,,,,,38.12,Seabird SBE 911plus CTD,,,,,,,,
EMO BON OOB So 241015 macro (2),EMOBON_OOB_So_171,batch_6,18.37,Seabird SBE 911plus CTD,8.1,Consort multimeter C3016,20,Consort temperature compensator (ST10) PT1000,172,Consort ORP electrode (SO57),,,,,,,,,,,,,,,,,,,,,,,,,,,,,,,,,,,,,,,,,,,,,,,,,,,38.12,Seabird SBE 911plus CTD,,,,,,,,
EMO BON OOB So 241015 macro (3),EMOBON_OOB_So_172,NA,18.37,Seabird SBE 911plus CTD,8.1,Consort multimeter C3016,20,Consort temperature compensator (ST10) PT1000,172,Consort ORP electrode (SO57),,,,,,,,,,,,,,,,,,,,,,,,,,,,,,,,,,,,,,,,,,,,,,,,,,,38.12,Seabird SBE 911plus CTD,,,,,,,,
EMO BON OOB So 241015 macro (4),EMOBON_OOB_So_173,NA,18.37,Seabird SBE 911plus CTD,8.1,Consort multimeter C3016,20,Consort temperature compensator (ST10) PT1000,172,Consort ORP electrode (SO57),,,,,,,,,,,,,,,,,,,,,,,,,,,,,,,,,,,,,,,,,,,,,,,,,,,38.12,Seabird SBE 911plus CTD,,,,,,,,
EMO BON OOB So 241216 micro (1),EMOBON_OOB_So_174,batch_6,15,Seabird SBE 911plus CTD,8.1,Consort multimeter C3017,14.96,Consort temperature compensator (ST10) PT1001,176,Consort ORP electrode (SO57),,,,,,,,,,,,,,,,,,,,,,,,,,,,,,,,,,,,,,,,,,,,,,,,,,,38,Seabird SBE 911plus CTD,,,,,,,,
EMO BON OOB So 241216 micro (2),EMOBON_OOB_So_175,batch_6,15,Seabird SBE 911plus CTD,8.1,Consort multimeter C3018,14.96,Consort temperature compensator (ST10) PT1002,176,Consort ORP electrode (SO57),,,,,,,,,,,,,,,,,,,,,,,,,,,,,,,,,,,,,,,,,,,,,,,,,,,38,Seabird SBE 911plus CTD,,,,,,,,
EMO BON OOB So 241216 micro (3),EMOBON_OOB_So_176,,15,Seabird SBE 911plus CTD,8.1,Consort multimeter C3019,14.96,Consort temperature compensator (ST10) PT1003,176,Consort ORP electrode (SO57),,,,,,,,,,,,,,,,,,,,,,,,,,,,,,,,,,,,,,,,,,,,,,,,,,,38,Seabird SBE 911plus CTD,,,,,,,,
EMO BON OOB So 241216 micro (4),EMOBON_OOB_So_177,,15,Seabird SBE 911plus CTD,8.1,Consort multimeter C3020,14.96,Consort temperature compensator (ST10) PT1004,176,Consort ORP electrode (SO57),,,,,,,,,,,,,,,,,,,,,,,,,,,,,,,,,,,,,,,,,,,,,,,,,,,38,Seabird SBE 911plus CTD,,,,,,,,
EMO BON OOB SO 250211 micro (1),EMOBON_OOB_So_178,batch_8,11.97,Seabird SBE 911plus CTD,8.1,Consort multimeter C3021,12,Consort temperature compensator (ST10) PT1005,166,Consort ORP electrode (SO57),,,,,,,,,,,,,,,,,,,,,,,,,,,,,,,,,,,,,,,,,,,,,,,,,,,37.28,Seabird SBE 911plus CTD,,,,,,,,
EMO BON OOB SO 250211 micro (2),EMOBON_OOB_So_179,,11.97,Seabird SBE 911plus CTD,8.1,Consort multimeter C3022,12,Consort temperature compensator (ST10) PT1006,166,Consort ORP electrode (SO57),,,,,,,,,,,,,,,,,,,,,,,,,,,,,,,,,,,,,,,,,,,,,,,,,,,37.28,Seabird SBE 911plus CTD,,,,,,,,
EMO BON OOB SO 250211 micro (3),EMOBON_OOB_So_180,,11.97,Seabird SBE 911plus CTD,8.1,Consort multimeter C3023,12,Consort temperature compensator (ST10) PT1007,166,Consort ORP electrode (SO57),,,,,,,,,,,,,,,,,,,,,,,,,,,,,,,,,,,,,,,,,,,,,,,,,,,37.28,Seabird SBE 911plus CTD,,,,,,,,
EMO BON OOB SO 250211 micro (4),EMOBON_OOB_So_181,,11.97,Seabird SBE 911plus CTD,8.1,Consort multimeter C3024,12,Consort temperature compensator (ST10) PT1008,166,Consort ORP electrode (SO57),,,,,,,,,,,,,,,,,,,,,,,,,,,,,,,,,,,,,,,,,,,,,,,,,,,37.28,Seabird SBE 911plus CTD,,,,,,,,
EMO BON OOB So 250423 meio (1),EMOBON_OOB_So_182,batch_8,14.72,Seabird SBE 911plus CTD,8.2,Consort multimeter C3025,14.66,Consort temperature compensator (ST10) PT1009,161,Consort ORP electrode (SO57),,,,,,,,,,,,,,,,,,,,,,,,,,,,,,,,,,,,,,,,,,,,,,,,,,,37.52,Seabird SBE 911plus CTD,,,,,,,,
EMO BON OOB So 250423 meio (2),EMOBON_OOB_So_183,,14.72,Seabird SBE 911plus CTD,8.2,Consort multimeter C3026,14.66,Consort temperature compensator (ST10) PT1010,161,Consort ORP electrode (SO57),,,,,,,,,,,,,,,,,,,,,,,,,,,,,,,,,,,,,,,,,,,,,,,,,,,37.52,Seabird SBE 911plus CTD,,,,,,,,
EMO BON OOB So 250423 meio (3),EMOBON_OOB_So_184,,14.72,Seabird SBE 911plus CTD,8.2,Consort multimeter C3027,14.66,Consort temperature compensator (ST10) PT1011,161,Consort ORP electrode (SO57),,,,,,,,,,,,,,,,,,,,,,,,,,,,,,,,,,,,,,,,,,,,,,,,,,,37.52,Seabird SBE 911plus CTD,,,,,,,,
EMO BON OOB So 250423 meio (4),EMOBON_OOB_So_185,,14.72,Seabird SBE 911plus CTD,8.2,Consort multimeter C3028,14.66,Consort temperature compensator (ST10) PT1012,161,Consort ORP electrode (SO57),,,,,,,,,,,,,,,,,,,,,,,,,,,,,,,,,,,,,,,,,,,,,,,,,,,37.52,Seabird SBE 911plus CTD,,,,,,,,
EMO BON OOB So 250423 micro (1),EMOBON_OOB_So_186,batch_8,14.72,Seabird SBE 911plus CTD,8.2,Consort multimeter C3029,14.66,Consort temperature compensator (ST10) PT1013,161,Consort ORP electrode (SO57),,,,,,,,,,,,,,,,,,,,,,,,,,,,,,,,,,,,,,,,,,,,,,,,,,,37.52,Seabird SBE 911plus CTD,,,,,,,,
EMO BON OOB So 250423 micro (2),EMOBON_OOB_So_187,,14.72,Seabird SBE 911plus CTD,8.2,Consort multimeter C3030,14.66,Consort temperature compensator (ST10) PT1014,161,Consort ORP electrode (SO57),,,,,,,,,,,,,,,,,,,,,,,,,,,,,,,,,,,,,,,,,,,,,,,,,,,37.52,Seabird SBE 911plus CTD,,,,,,,,
EMO BON OOB So 250423 micro (3),EMOBON_OOB_So_188,,14.72,Seabird SBE 911plus CTD,8.2,Consort multimeter C3031,14.66,Consort temperature compensator (ST10) PT1015,161,Consort ORP electrode (SO57),,,,,,,,,,,,,,,,,,,,,,,,,,,,,,,,,,,,,,,,,,,,,,,,,,,37.52,Seabird SBE 911plus CTD,,,,,,,,
EMO BON OOB So 250423 micro (4),EMOBON_OOB_So_189,,14.72,Seabird SBE 911plus CTD,8.2,Consort multimeter C3032,14.66,Consort temperature compensator (ST10) PT1016,161,Consort ORP electrode (SO57),,,,,,,,,,,,,,,,,,,,,,,,,,,,,,,,,,,,,,,,,,,,,,,,,,,37.52,Seabird SBE 911plus CTD,,,,,,,,
EMO BON OOB So 250423 macro (1),EMOBON_OOB_So_190,batch_8,14.72,Seabird SBE 911plus CTD,8.2,Consort multimeter C3033,14.66,Consort temperature compensator (ST10) PT1017,161,Consort ORP electrode (SO57),,,,,,,,,,,,,,,,,,,,,,,,,,,,,,,,,,,,,,,,,,,,,,,,,,,37.52,Seabird SBE 911plus CTD,,,,,,,,
EMO BON OOB So 250423 macro (2),EMOBON_OOB_So_191,,14.72,Seabird SBE 911plus CTD,8.2,Consort multimeter C3034,14.66,Consort temperature compensator (ST10) PT1018,161,Consort ORP electrode (SO57),,,,,,,,,,,,,,,,,,,,,,,,,,,,,,,,,,,,,,,,,,,,,,,,,,,37.52,Seabird SBE 911plus CTD,,,,,,,,
EMO BON OOB So 250423 macro (3),EMOBON_OOB_So_192,,14.72,Seabird SBE 911plus CTD,8.2,Consort multimeter C3035,14.66,Consort temperature compensator (ST10) PT1019,161,Consort ORP electrode (SO57),,,,,,,,,,,,,,,,,,,,,,,,,,,,,,,,,,,,,,,,,,,,,,,,,,,37.52,Seabird SBE 911plus CTD,,,,,,,,
EMO BON OOB So 250423 macro (4),EMOBON_OOB_So_193,,14.72,Seabird SBE 911plus CTD,8.2,Consort multimeter C3036,14.66,Consort temperature compensator (ST10) PT1020,161,Consort ORP electrode (SO57),,,,,,,,,,,,,,,,,,,,,,,,,,,,,,,,,,,,,,,,,,,,,,,,,,,37.52,Seabird SBE 911plus CTD,,,,,,,,
EMO BON OOB So 250617 meio (1),EMOBON_OOB_So_194,batch_8,22.85,Seabird SBE 911plus CTD,8.1,Consort multimeter C3037,20.5,Consort temperature compensator (ST10) PT1021,164,Consort ORP electrode (SO57),,,,,,,,,,,,,,,,,,,,,,,,,,,,,,,,,,,,,,,,,,,,,,,,,,,36.62,Seabird SBE 911plus CTD,,,,,,,,
EMO BON OOB So 250617 meio (2),EMOBON_OOB_So_195,,22.85,Seabird SBE 911plus CTD,8.1,Consort multimeter C3038,20.5,Consort temperature compensator (ST10) PT1022,164,Consort ORP electrode (SO57),,,,,,,,,,,,,,,,,,,,,,,,,,,,,,,,,,,,,,,,,,,,,,,,,,,36.62,Seabird SBE 911plus CTD,,,,,,,,
EMO BON OOB So 250617 meio (3),EMOBON_OOB_So_196,,22.85,Seabird SBE 911plus CTD,8.1,Consort multimeter C3039,20.5,Consort temperature compensator (ST10) PT1023,164,Consort ORP electrode (SO57),,,,,,,,,,,,,,,,,,,,,,,,,,,,,,,,,,,,,,,,,,,,,,,,,,,36.62,Seabird SBE 911plus CTD,,,,,,,,
EMO BON OOB So 250617 meio (4),EMOBON_OOB_So_197,,22.85,Seabird SBE 911plus CTD,8.1,Consort multimeter C3040,20.5,Consort temperature compensator (ST10) PT1024,164,Consort ORP electrode (SO57),,,,,,,,,,,,,,,,,,,,,,,,,,,,,,,,,,,,,,,,,,,,,,,,,,,36.62,Seabird SBE 911plus CTD,,,,,,,,
EMO BON OOB So 250617 micro (1),EMOBON_OOB_So_198,batch_8,22.85,Seabird SBE 911plus CTD,8.1,Consort multimeter C3041,20.5,Consort temperature compensator (ST10) PT1025,164,Consort ORP electrode (SO57),,,,,,,,,,,,,,,,,,,,,,,,,,,,,,,,,,,,,,,,,,,,,,,,,,,36.62,Seabird SBE 911plus CTD,,,,,,,,
EMO BON OOB So 250617 micro (2),EMOBON_OOB_So_199,,22.85,Seabird SBE 911plus CTD,8.1,Consort multimeter C3042,20.5,Consort temperature compensator (ST10) PT1026,164,Consort ORP electrode (SO57),,,,,,,,,,,,,,,,,,,,,,,,,,,,,,,,,,,,,,,,,,,,,,,,,,,36.62,Seabird SBE 911plus CTD,,,,,,,,
EMO BON OOB So 250617 micro (3),EMOBON_OOB_So_200,,22.85,Seabird SBE 911plus CTD,8.1,Consort multimeter C3043,20.5,Consort temperature compensator (ST10) PT1027,164,Consort ORP electrode (SO57),,,,,,,,,,,,,,,,,,,,,,,,,,,,,,,,,,,,,,,,,,,,,,,,,,,36.62,Seabird SBE 911plus CTD,,,,,,,,
EMO BON OOB So 250617 micro (4),EMOBON_OOB_So_201,,22.85,Seabird SBE 911plus CTD,8.1,Consort multimeter C3044,20.5,Consort temperature compensator (ST10) PT1028,164,Consort ORP electrode (SO57),,,,,,,,,,,,,,,,,,,,,,,,,,,,,,,,,,,,,,,,,,,,,,,,,,,36.62,Seabird SBE 911plus CTD,,,,,,,,
EMO BON OOB So 250911 micro (1),EMOBON_OOB_So_202,batch_8,21.23,Seabird SBE 911plus CTD,8.2,Consort multimeter C3045,18.67,Consort temperature compensator (ST10) PT1029,220,Consort ORP electrode (SO57),,,,,,,,,,,,,,,,,,,,,,,,,,,,,,,,,,,,,,,,,,,,,,,,,,,37.93,Seabird SBE 911plus CTD,,,,,,,,
EMO BON OOB So 250911 micro (2),EMOBON_OOB_So_203,,21.23,Seabird SBE 911plus CTD,8.2,Consort multimeter C3046,18.67,Consort temperature compensator (ST10) PT1030,220,Consort ORP electrode (SO57),,,,,,,,,,,,,,,,,,,,,,,,,,,,,,,,,,,,,,,,,,,,,,,,,,,37.93,Seabird SBE 911plus CTD,,,,,,,,
EMO BON OOB So 250911 micro (3),EMOBON_OOB_So_204,,21.23,Seabird SBE 911plus CTD,8.2,Consort multimeter C3047,18.67,Consort temperature compensator (ST10) PT1031,220,Consort ORP electrode (SO57),,,,,,,,,,,,,,,,,,,,,,,,,,,,,,,,,,,,,,,,,,,,,,,,,,,37.93,Seabird SBE 911plus CTD,,,,,,,,
EMO BON OOB So 250911 micro (4),EMOBON_OOB_So_205,,21.23,Seabird SBE 911plus CTD,8.2,Consort multimeter C3048,18.67,Consort temperature compensator (ST10) PT1032,220,Consort ORP electrode (SO57),,,,,,,,,,,,,,,,,,,,,,,,,,,,,,,,,,,,,,,,,,,,,,,,,,,37.93,Seabird SBE 911plus CTD,,,,,,,,
EMO BON OOB So 251021 macro (1),EMOBON_OOB_So_206,batch_8,18.94,Seabird SBE 911plus CTD,,,18.95,Consort temperature compensator (ST10) PT1033,,,,,,,,,,,,,,,,,,,,,,,,,,,,,,,,,,,,,,,,,,,,,,,,,,,,,37.9,Seabird SBE 911plus CTD,,,,,,,,
EMO BON OOB So 251021 macro (2),EMOBON_OOB_So_207,,18.94,Seabird SBE 911plus CTD,,,18.95,Consort temperature compensator (ST10) PT1034,,,,,,,,,,,,,,,,,,,,,,,,,,,,,,,,,,,,,,,,,,,,,,,,,,,,,37.9,Seabird SBE 911plus CTD,,,,,,,,
EMO BON OOB So 251021 macro (3),EMOBON_OOB_So_208,,18.94,Seabird SBE 911plus CTD,,,18.95,Consort temperature compensator (ST10) PT1035,,,,,,,,,,,,,,,,,,,,,,,,,,,,,,,,,,,,,,,,,,,,,,,,,,,,,37.9,Seabird SBE 911plus CTD,,,,,,,,
EMO BON OOB So 251021 macro (4),EMOBON_OOB_So_209,,18.94,Seabird SBE 911plus CTD,,,18.95,Consort temperature compensator (ST10) PT1036,,,,,,,,,,,,,,,,,,,,,,,,,,,,,,,,,,,,,,,,,,,,,,,,,,,,,37.9,Seabird SBE 911plus CTD,,,,,,,,
EMO BON OOB So 251021 meio (1),EMOBON_OOB_So_210,batch_8,18.94,Seabird SBE 911plus CTD,,,18.95,Consort temperature compensator (ST10) PT1037,,,,,,,,,,,,,,,,,,,,,,,,,,,,,,,,,,,,,,,,,,,,,,,,,,,,,37.9,Seabird SBE 911plus CTD,,,,,,,,
EMO BON OOB So 251021 meio (2),EMOBON_OOB_So_211,,18.94,Seabird SBE 911plus CTD,,,18.95,Consort temperature compensator (ST10) PT1038,,,,,,,,,,,,,,,,,,,,,,,,,,,,,,,,,,,,,,,,,,,,,,,,,,,,,37.9,Seabird SBE 911plus CTD,,,,,,,,
EMO BON OOB So 251021 meio (3),EMOBON_OOB_So_212,,18.94,Seabird SBE 911plus CTD,,,18.95,Consort temperature compensator (ST10) PT1039,,,,,,,,,,,,,,,,,,,,,,,,,,,,,,,,,,,,,,,,,,,,,,,,,,,,,37.9,Seabird SBE 911plus CTD,,,,,,,,
EMO BON OOB So 251021 meio (4),EMOBON_OOB_So_213,,18.94,Seabird SBE 911plus CTD,,,18.95,Consort temperature compensator (ST10) PT1040,,,,,,,,,,,,,,,,,,,,,,,,,,,,,,,,,,,,,,,,,,,,,,,,,,,,,37.9,Seabird SBE 911plus CTD,,,,,,,,
EMO BON OOB So 251021 micro (1),EMOBON_OOB_So_214,batch_8,18.94,Seabird SBE 911plus CTD,,,18.95,Consort temperature compensator (ST10) PT1041,,,,,,,,,,,,,,,,,,,,,,,,,,,,,,,,,,,,,,,,,,,,,,,,,,,,,37.9,Seabird SBE 911plus CTD,,,,,,,,
EMO BON OOB So 251021 micro (2),EMOBON_OOB_So_215,,18.94,Seabird SBE 911plus CTD,,,18.95,Consort temperature compensator (ST10) PT1042,,,,,,,,,,,,,,,,,,,,,,,,,,,,,,,,,,,,,,,,,,,,,,,,,,,,,37.9,Seabird SBE 911plus CTD,,,,,,,,
EMO BON OOB So 251021 micro (3),EMOBON_OOB_So_216,,18.94,Seabird SBE 911plus CTD,,,18.95,Consort temperature compensator (ST10) PT1043,,,,,,,,,,,,,,,,,,,,,,,,,,,,,,,,,,,,,,,,,,,,,,,,,,,,,37.9,Seabird SBE 911plus CTD,,,,,,,,
EMO BON OOB So 251021 micro (4),EMOBON_OOB_So_217,,18.94,Seabird SBE 911plus CTD,,,18.95,Consort temperature compensator (ST10) PT1044,,,,,,,,,,,,,,,,,,,,,,,,,,,,,,,,,,,,,,,,,,,,,,,,,,,,,37.9,Seabird SBE 911plus CTD,,,,,,,,
EMO BON OOB So 251208 micro (1),EMOBON_OOB_So_218,batch_8,14.21,Seabird SBE 911plus CTD,,,13.89,Consort temperature compensator (ST10) PT1045,,,,,,,,,,,,,,,,,,,,,,,,,,,,,,,,,,,,,,,,,,,,,,,,,,,,,37.97,Seabird SBE 911plus CTD,,,,,,,,
EMO BON OOB So 251208 micro (2),EMOBON_OOB_So_219,,14.21,Seabird SBE 911plus CTD,,,13.89,Consort temperature compensator (ST10) PT1046,,,,,,,,,,,,,,,,,,,,,,,,,,,,,,,,,,,,,,,,,,,,,,,,,,,,,37.97,Seabird SBE 911plus CTD,,,,,,,,
EMO BON OOB So 251208 micro (3),EMOBON_OOB_So_220,,14.21,Seabird SBE 911plus CTD,,,13.89,Consort temperature compensator (ST10) PT1047,,,,,,,,,,,,,,,,,,,,,,,,,,,,,,,,,,,,,,,,,,,,,,,,,,,,,37.97,Seabird SBE 911plus CTD,,,,,,,,
EMO BON OOB So 251208 micro (4),EMOBON_OOB_So_221,,14.21,Seabird SBE 911plus CTD,,,13.89,Consort temperature compensator (ST10) PT1048,,,,,,,,,,,,,,,,,,,,,,,,,,,,,,,,,,,,,,,,,,,,,,,,,,,,,37.97,Seabird SBE 911plus CTD,,,,,,,,
EMO BON OOB So 260224 micro (1),EMOBON_OOB_So_222,batch_8,,Seabird SBE 911plus CTD,,,,,,,,,,,,,,,,,,,,,,,,,,,,,,,,,,,,,,,,,,,,,,,,,,,,,,,,,,Seabird SBE 911plus CTD,,,,,,,,
EMO BON OOB So 260224 micro (2),EMOBON_OOB_So_223,,,Seabird SBE 911plus CTD,,,,,,,,,,,,,,,,,,,,,,,,,,,,,,,,,,,,,,,,,,,,,,,,,,,,,,,,,,Seabird SBE 911plus CTD,,,,,,,,
EMO BON OOB So 260224 micro (3),EMOBON_OOB_So_224,,,Seabird SBE 911plus CTD,,,,,,,,,,,,,,,,,,,,,,,,,,,,,,,,,,,,,,,,,,,,,,,,,,,,,,,,,,Seabird SBE 911plus CTD,,,,,,,,
EMO BON OOB So 260224 micro (4),EMOBON_OOB_So_225,,,Seabird SBE 911plus CTD,,,,,,,,,,,,,,,,,,,,,,,,,,,,,,,,,,,,,,,,,,,,,,,,,,,,,,,,,,Seabird SBE 911plus CTD,,,,,,,,
